from_wallet,to_wallet,amount
W93106,W13257,3960.0
W93106,W13257,3440.0
W93106,W13257,21460.0
W93106,W13257,15920.0
W66626,W72939,7940.0
W66626,W72939,19540.0
W66626,W72939,8800.0
W66626,W72939,12240.0
W66626,W72939,12920.0
W45223,W82374,22620.0
W45223,W82374,9130.0
W25153,W12466,9130.0
W25153,W12466,12280.0
W25153,W12466,3090.0
W25153,W12466,9800.0
W25153,W12466,23940.0
W25153,W12466,21440.0
W51892,W91769,13680.0
W51892,W91769,23790.0
W51892,W91769,16050.0
W25209,W74964,23740.0
W25209,W74964,24950.0
W25209,W74964,3740.0
W25209,W74964,5610.0
W92871,W51977,5780.0
W92871,W51977,10520.0
W92871,W51977,9600.0
W92871,W51977,15120.0
W92871,W51977,4110.0
W92871,W51977,12920.0
W85094,W22740,15220.0
W85094,W22740,5620.0
W85094,W22740,10510.0
W85094,W22740,14100.0
W85094,W22740,9690.0
W55454,W67923,12120.0
W55454,W67923,5050.0
W55454,W67923,15940.0
W55454,W67923,4630.0
W76562,W78338,15770.0
W76562,W78338,4820.0
W76562,W78338,14860.0
W76562,W78338,21720.0
W98671,W75594,4820.0
W98671,W75594,10050.0
W98671,W75594,12340.0
W71560,W43303,16470.0
W71560,W43303,6330.0
W71560,W43303,3090.0
W79035,W13257,13010.0
W79035,W13257,15620.0
W99603,W72939,20630.0
W99603,W72939,19790.0
W99603,W72939,21960.0
W99603,W72939,10080.0
W99603,W72939,7260.0
W99603,W72939,3280.0
W74257,W82374,16340.0
W74257,W82374,15460.0
W74257,W82374,22330.0
W38603,W12466,21210.0
W38603,W12466,13920.0
W38603,W12466,5700.0
W76861,W91769,23230.0
W76861,W91769,22380.0
W76861,W91769,17830.0
W76861,W91769,17500.0
W76861,W91769,21240.0
W76861,W91769,18110.0
W40403,W74964,16730.0
W40403,W74964,11840.0
W40403,W74964,11790.0
W40403,W74964,13700.0
W22478,W51977,17110.0
W22478,W51977,21160.0
W22478,W51977,14060.0
W22478,W51977,14800.0
W22478,W51977,18370.0
W22478,W51977,18280.0
W21263,W22740,7830.0
W21263,W22740,23390.0
W21263,W22740,7940.0
W21263,W22740,17480.0
W21263,W22740,10970.0
W21263,W22740,9190.0
W32370,W67923,17950.0
W32370,W67923,9230.0
W32370,W67923,19000.0
W32370,W67923,19560.0
W32370,W67923,10980.0
W32370,W67923,23530.0
W68689,W78338,24330.0
W68689,W78338,8840.0
W68689,W78338,19080.0
W68689,W78338,7440.0
W68689,W78338,7810.0
W68689,W78338,20000.0
W55866,W75594,13910.0
W55866,W75594,9910.0
W55866,W75594,9210.0
W55866,W75594,12980.0
W55866,W75594,17090.0
W55866,W75594,23220.0
W38080,W43303,19450.0
W38080,W43303,22350.0
W38080,W43303,19690.0
W38080,W43303,12470.0
W38080,W43303,23980.0
W38080,W43303,16350.0
W34045,W13257,17930.0
W34045,W13257,19580.0
W34045,W13257,15570.0
W34045,W13257,13630.0
W34045,W13257,23110.0
W34045,W13257,14170.0
W62885,W72939,14840.0
W62885,W72939,23610.0
W62885,W72939,24150.0
W62885,W72939,17340.0
W92284,W82374,6180.0
W92284,W82374,5190.0
W92284,W82374,9700.0
W92284,W82374,3220.0
W92284,W82374,21660.0
W43681,W12466,7920.0
W43681,W12466,6510.0
W43681,W12466,13820.0
W43681,W12466,17060.0
W88535,W91769,5800.0
W88535,W91769,24120.0
W16612,W74964,16420.0
W16612,W74964,23520.0
W46288,W51977,20610.0
W46288,W51977,6220.0
W46288,W51977,16660.0
W46288,W51977,20690.0
W46288,W51977,6700.0
W17477,W22740,5010.0
W17477,W22740,17220.0
W17477,W22740,13540.0
W72500,W67923,18270.0
W72500,W67923,21640.0
W72500,W67923,17010.0
W26882,W78338,21280.0
W26882,W78338,24420.0
W26882,W78338,24760.0
W26882,W78338,11640.0
W38524,W75594,21980.0
W38524,W75594,10270.0
W38524,W75594,20740.0
W38524,W75594,7440.0
W38524,W75594,6850.0
W62886,W43303,12540.0
W62886,W43303,11620.0
W62886,W43303,4790.0
W64050,W13257,10130.0
W64050,W13257,5550.0
W64050,W13257,8430.0
W64050,W13257,4610.0
W64050,W13257,15340.0
W83449,W72939,20470.0
W83449,W72939,17740.0
W83449,W72939,11780.0
W83449,W72939,20260.0
W83449,W72939,12240.0
W83449,W72939,3150.0
W60176,W82374,5550.0
W60176,W82374,6250.0
W60176,W82374,6120.0
W86798,W12466,9580.0
W86798,W12466,10260.0
W86798,W12466,15770.0
W86798,W12466,23550.0
W34513,W91769,21560.0
W34513,W91769,24530.0
W34513,W91769,14590.0
W97423,W74964,5250.0
W97423,W74964,4080.0
W97423,W74964,21550.0
W97423,W74964,16930.0
W31656,W51977,19060.0
W31656,W51977,3070.0
W31656,W51977,21790.0
W21714,W22740,18860.0
W21714,W22740,14880.0
W21714,W22740,17990.0
W21714,W22740,16060.0
W52595,W67923,13970.0
W52595,W67923,3140.0
W52595,W67923,17420.0
W52595,W67923,24630.0
W52595,W67923,12570.0
W18924,W78338,5790.0
W18924,W78338,17010.0
W18924,W78338,12740.0
W18924,W78338,6630.0
W15501,W75594,6200.0
W15501,W75594,21030.0
W15501,W75594,13640.0
W15501,W75594,19560.0
W15501,W75594,5620.0
W15501,W75594,4850.0
W59646,W43303,21690.0
W59646,W43303,12570.0
W59646,W43303,20060.0
W59646,W43303,5170.0
W59245,W13257,23030.0
W59245,W13257,5560.0
W59245,W13257,14830.0
W16039,W72939,9110.0
W16039,W72939,9620.0
W16039,W72939,4090.0
W76111,W82374,4060.0
W76111,W82374,10390.0
W76111,W82374,14770.0
W76111,W82374,24400.0
W76111,W82374,21750.0
W76111,W82374,13710.0
W83439,W12466,20910.0
W83439,W12466,10660.0
W83439,W12466,3730.0
W83439,W12466,7550.0
W83439,W12466,4240.0
W17546,W91769,14710.0
W17546,W91769,10580.0
W66921,W74964,14600.0
W66921,W74964,14160.0
W66921,W74964,8750.0
W71082,W51977,12000.0
W71082,W51977,7480.0
W71082,W51977,15250.0
W84934,W22740,15940.0
W84934,W22740,16210.0
W84934,W22740,18860.0
W84934,W22740,12200.0
W84934,W22740,6930.0
W84934,W22740,23510.0
W34344,W67923,5890.0
W34344,W67923,7480.0
W34344,W67923,11940.0
W34344,W67923,16300.0
W34344,W67923,24730.0
W34344,W67923,8270.0
W12654,W78338,18610.0
W12654,W78338,23450.0
W12654,W78338,11470.0
W12654,W78338,18550.0
W12654,W78338,6490.0
W57489,W75594,9500.0
W57489,W75594,11300.0
W57489,W75594,9310.0
W57489,W75594,20160.0
W57489,W75594,15400.0
W57489,W75594,20540.0
W64125,W43303,11110.0
W64125,W43303,10280.0
W64125,W43303,10150.0
W64125,W43303,8370.0
W18270,W13257,22480.0
W18270,W13257,6970.0
W97970,W72939,3810.0
W97970,W72939,4270.0
W97970,W72939,3940.0
W97970,W72939,13760.0
W97970,W72939,19890.0
W38458,W82374,11890.0
W38458,W82374,22640.0
W38458,W82374,23180.0
W38458,W82374,4870.0
W19855,W12466,8560.0
W19855,W12466,24660.0
W19855,W12466,20520.0
W74676,W91769,20680.0
W74676,W91769,12190.0
W74676,W91769,14560.0
W74676,W91769,18470.0
W74676,W91769,18440.0
W81444,W74964,15340.0
W81444,W74964,3160.0
W81444,W74964,24320.0
W81444,W74964,10600.0
W81444,W74964,4170.0
W81444,W74964,17040.0
W76031,W51977,16350.0
W76031,W51977,20350.0
W76031,W51977,5230.0
W76031,W51977,23030.0
W76031,W51977,19350.0
W37375,W22740,8320.0
W37375,W22740,15690.0
W37375,W22740,23080.0
W37375,W22740,12410.0
W40364,W67923,19180.0
W40364,W67923,21180.0
W40364,W67923,13670.0
W96829,W78338,16810.0
W96829,W78338,15080.0
W96829,W78338,13040.0
W96829,W78338,7460.0
W96829,W78338,12700.0
W85991,W75594,7670.0
W85991,W75594,3700.0
W85991,W75594,14030.0
W84250,W43303,16000.0
W84250,W43303,23290.0
W84250,W43303,15380.0
W84250,W43303,11530.0
W51509,W13257,4930.0
W51509,W13257,8520.0
W51509,W13257,12500.0
W28362,W72939,6760.0
W28362,W72939,22060.0
W86970,W82374,15990.0
W86970,W82374,18280.0
W86970,W82374,9830.0
W86970,W82374,15420.0
W86970,W82374,19880.0
W86970,W82374,20250.0
W31129,W12466,6940.0
W31129,W12466,19020.0
W10059,W91769,5060.0
W10059,W91769,10600.0
W10059,W91769,22330.0
W10059,W91769,7980.0
W65657,W74964,7180.0
W65657,W74964,23080.0
W65657,W74964,18340.0
W65657,W74964,11180.0
W65657,W74964,23720.0
W65657,W74964,21400.0
W86968,W51977,20940.0
W86968,W51977,16020.0
W86968,W51977,15670.0
W86968,W51977,9510.0
W86968,W51977,16340.0
W54827,W22740,3380.0
W54827,W22740,19250.0
W54827,W22740,20700.0
W54827,W22740,7020.0
W39825,W12282,7080.0
W39825,W33404,9840.0
W39825,W81298,11850.0
W90581,W60869,20460.0
W90581,W30242,7340.0
W90581,W93323,19180.0
W90581,W84130,19570.0
W65649,W83175,24630.0
W41762,W48350,9000.0
W41762,W14586,22110.0
W63867,W33205,22630.0
W63867,W30242,24460.0
W63867,W81298,21360.0
W74097,W87089,21020.0
W74097,W16505,21840.0
W74097,W83175,6510.0
W74097,W60808,12270.0
W24541,W13641,12890.0
W36111,W58686,10690.0
W36111,W87089,15980.0
W36111,W30242,21340.0
W36111,W48350,2320.0
W87091,W87179,2950.0
W87091,W19119,4860.0
W87091,W23144,5030.0
W87091,W48350,8790.0
W64118,W83175,15950.0
W64118,W12282,12540.0
W64118,W13641,5350.0
W33379,W86654,24140.0
W45716,W81356,13610.0
W94097,W17971,18640.0
W94097,W64863,24260.0
W30991,W33205,2160.0
W30991,W46687,18280.0
W30991,W64863,11930.0
W30991,W58686,14120.0
W40863,W33404,12400.0
W40863,W30572,24260.0
W54161,W93323,13870.0
W54161,W30572,14600.0
W54161,W63217,4140.0
W54161,W84130,20710.0
W54077,W87179,13430.0
W50658,W14586,7570.0
W50658,W33205,18560.0
W50658,W58321,16480.0
W50658,W81298,12310.0
W99089,W83175,19350.0
W99089,W14586,17000.0
W78498,W16505,3470.0
W78498,W76958,19430.0
W26922,W13641,9670.0
W26922,W58321,22260.0
W68560,W23144,13380.0
W68560,W31366,4430.0
W68560,W64863,8260.0
W89945,W76958,20930.0
W89945,W75270,3510.0
W81693,W12282,4300.0
W81693,W30572,11420.0
W73543,W46687,21820.0
W95140,W93323,8840.0
W95140,W17971,13690.0
W67275,W12282,20420.0
W99065,W19119,16200.0
W87927,W81298,11600.0
W87927,W93323,4620.0
W87927,W64863,20270.0
W55587,W58321,19930.0
W22276,W14586,12990.0
W22276,W33404,17310.0
W75150,W84130,15080.0
W27276,W58321,11670.0
W38626,W86654,24790.0
W38626,W81356,19570.0
W38626,W46687,5400.0
W43788,W58686,10340.0
W15535,W33205,23160.0
W62094,W12282,24900.0
W62094,W13641,19760.0
W62094,W60869,2520.0
W17859,W23144,18730.0
W17859,W48350,6310.0
W26885,W16505,11320.0
W26885,W93323,12640.0
W11299,W81356,10580.0
W11299,W30572,8490.0
W92513,W76958,14220.0
W92513,W33205,4960.0
W92513,W14586,8150.0
W92513,W46687,17810.0
W69255,W81298,7170.0
W85966,W48350,21160.0
W85966,W46687,14440.0
W78497,W60869,21370.0
W83892,W31366,20160.0
W83892,W23144,3880.0
W36382,W19119,19360.0
W36382,W63217,9070.0
W36382,W46687,17890.0
W91394,W58686,14570.0
W91394,W83175,23860.0
W91394,W84130,17830.0
W91394,W81298,10230.0
W13743,W17971,14640.0
W13743,W81356,5600.0
W13743,W58686,13450.0
W13743,W14586,5910.0
W95969,W33205,20980.0
W95969,W19119,9430.0
W95969,W30242,8350.0
W72736,W76958,16660.0
W29946,W93323,20340.0
W29946,W83175,22020.0
W29946,W58321,4580.0
W29946,W63217,22720.0
W60948,W33404,19860.0
W60948,W84130,8320.0
W17569,W75270,24050.0
W17569,W58321,21410.0
W17569,W30572,13730.0
W52239,W84130,13830.0
W52239,W13641,10570.0
W27930,W93323,15440.0
W27930,W30572,4350.0
W68151,W75270,21520.0
W68151,W58686,5980.0
W20758,W13641,10990.0
W56194,W17971,16670.0
W56194,W30242,9640.0
W56194,W31366,14810.0
W52641,W30572,8480.0
W52641,W58321,7660.0
W52641,W87089,9260.0
W52641,W30572,12740.0
W84135,W23144,10210.0
W84135,W19119,19910.0
W60780,W12282,21350.0
W60780,W23144,18670.0
W60780,W12282,21150.0
W60780,W30242,24220.0
W44311,W30242,22360.0
W44311,W33404,6580.0
W44311,W30242,22320.0
W44311,W46687,5200.0
W38143,W17971,17080.0
W38143,W48350,3440.0
W38143,W86654,14980.0
W54908,W87089,3130.0
W54908,W86654,20080.0
W83973,W83175,24680.0
W83973,W60808,9090.0
W96579,W19119,17570.0
W96579,W12282,5420.0
W96579,W13641,17050.0
W96579,W19119,12240.0
W85073,W17971,16330.0
W85073,W12282,9780.0
W85073,W30242,20860.0
W92702,W58321,22730.0
W65627,W13641,19160.0
W89477,W64863,3370.0
W89477,W58686,11080.0
W47929,W13641,21100.0
W47929,W60869,22970.0
W47929,W16505,10340.0
W47929,W81298,4420.0
W15317,W19119,21500.0
W15317,W87179,14040.0
W15317,W12282,2440.0
W15317,W30572,4850.0
W84070,W76958,18870.0
W67861,W60808,16970.0
W67861,W87089,11740.0
W67861,W33205,7110.0
W67861,W14586,13010.0
W64403,W30572,11500.0
W64403,W46687,11160.0
W64403,W30572,18870.0
W64403,W30242,7390.0
W41824,W75270,6110.0
W41824,W46687,9170.0
W20424,W83175,5890.0
W20424,W63217,16700.0
W82055,W58686,16250.0
W82055,W60869,18470.0
W82055,W84130,5750.0
W51564,W63217,18990.0
W51564,W23144,8210.0
W39301,W58686,9140.0
W39301,W86654,13030.0
W39301,W33205,15840.0
W18864,W81298,12920.0
W97333,W31366,9820.0
W97333,W30242,23770.0
W18849,W46687,10110.0
W21181,W83175,13710.0
W21181,W17971,18580.0
W21181,W86654,3630.0
W26476,W60869,9440.0
W26476,W76958,10170.0
W91742,W81356,12940.0
W39260,W86654,23900.0
W44124,W60869,21570.0
W44124,W33404,24650.0
W73219,W81356,24740.0
W73219,W60808,20220.0
W73219,W19119,6560.0
W76259,W93323,15710.0
W23928,W48350,9360.0
W23928,W14586,19100.0
W23928,W64863,17370.0
W69699,W23144,9570.0
W85960,W58321,16350.0
W85960,W83175,11310.0
W73446,W84130,10400.0
W73446,W87179,8660.0
W77685,W60808,11640.0
W77685,W75270,8750.0
W77685,W87089,23760.0
W21354,W60808,5520.0
W21354,W60808,12270.0
W21354,W48350,5770.0
W33672,W83175,19520.0
W33672,W84130,14820.0
W33672,W64863,4260.0
W52945,W84130,10570.0
W20873,W30572,19700.0
W35291,W17971,17970.0
W35291,W19119,3150.0
W67126,W23144,18510.0
W67126,W30572,10370.0
W67126,W60808,24500.0
W21040,W17971,17190.0
W81461,W31366,16740.0
W81461,W33205,2390.0
W55026,W63217,21150.0
W55026,W60808,14290.0
W55026,W30242,6880.0
W55026,W48350,4720.0
W34561,W23144,22750.0
W34561,W81298,8520.0
W71500,W86654,20560.0
W71500,W84130,9560.0
W71500,W58686,9080.0
W87717,W63217,18870.0
W87717,W14586,23080.0
W39790,W63217,22080.0
W39790,W87089,22130.0
W39790,W75270,23080.0
W39790,W83175,13710.0
W91112,W93323,14830.0
W91112,W64863,24120.0
W91112,W87179,3190.0
W29745,W14586,24640.0
W29745,W86654,6490.0
W29745,W81298,18930.0
W63355,W14586,6680.0
W63355,W83175,9480.0
W59744,W84130,14920.0
W59744,W84130,22850.0
W59744,W60808,17840.0
W82059,W33404,14450.0
W82059,W16505,12200.0
W82059,W81298,3030.0
W82059,W12282,10150.0
W58323,W84130,2520.0
W58323,W87089,24930.0
W58323,W46687,5310.0
W58323,W14586,18700.0
W50508,W87089,11270.0
W50508,W12282,19400.0
W17261,W48350,16420.0
W26428,W86654,5230.0
W60594,W64863,9960.0
W60594,W16505,7420.0
W74396,W87179,7280.0
W74396,W17971,8060.0
W81156,W33404,4430.0
W81156,W75270,10070.0
W81156,W14586,5360.0
W81156,W64863,13150.0
W52213,W87089,2540.0
W41157,W12282,15430.0
W41157,W12282,22040.0
W47967,W75270,24050.0
W47967,W84130,12970.0
W47967,W81298,10840.0
W78684,W60808,22700.0
W78684,W60808,11190.0
W78684,W17971,16380.0
W78684,W33205,3110.0
W84814,W75270,18460.0
W27845,W81298,15660.0
W27845,W33205,3120.0
W27845,W46687,15880.0
W27845,W87179,17990.0
W16989,W93323,5370.0
W16989,W30242,20420.0
W16989,W83175,5980.0
W16989,W19119,22980.0
W82647,W14586,20460.0
W30641,W30242,15370.0
W87049,W12282,5120.0
W87049,W30242,15960.0
W87049,W30572,15840.0
W87049,W31366,21480.0
W96398,W81298,20770.0
W96398,W86654,12750.0
W96398,W75270,3090.0
W96398,W64863,19840.0
W24054,W81298,2870.0
W24054,W76958,4000.0
W59138,W17971,16300.0
W64378,W19119,19360.0
W64378,W76958,4990.0
W64378,W30572,22040.0
W64378,W86654,2440.0
W72986,W23144,17210.0
W72986,W87089,14030.0
W72986,W14586,3160.0
W40441,W63217,18850.0
W40441,W60808,19360.0
W40441,W75270,10800.0
W14694,W64863,2150.0
W14694,W17971,6010.0
W14694,W30242,15190.0
W14694,W58686,9960.0
W18988,W87089,19680.0
W70837,W30572,14170.0
W70837,W17971,22720.0
W70837,W13641,2580.0
W23630,W30572,20950.0
W23630,W30572,10270.0
W86325,W87179,16280.0
W86325,W87089,12640.0
W86325,W76958,7990.0
W86325,W30242,2430.0
W27733,W58686,23550.0
W27733,W13641,2780.0
W27733,W46687,2240.0
W71436,W87179,14380.0
W71436,W30242,2790.0
W71436,W87179,17470.0
W96637,W87089,17390.0
W79588,W19119,16970.0
W34359,W86654,22000.0
W34359,W76958,6000.0
W34359,W48350,9590.0
W13652,W48350,16170.0
W13652,W30242,11960.0
W13652,W76958,18030.0
W10127,W58321,20690.0
W10127,W33404,18190.0
W14258,W64863,10990.0
W14258,W30572,7890.0
W32337,W23144,12060.0
W32337,W19119,18630.0
W32337,W46687,21370.0
W30215,W76958,24360.0
W52119,W84130,5090.0
W64849,W64863,14030.0
W64849,W16505,18810.0
W44976,W81356,9780.0
W34615,W12282,19790.0
W34615,W48350,23290.0
W34615,W64863,22990.0
W47288,W23144,8040.0
W38337,W46687,3110.0
W38337,W84130,20540.0
W45525,W48350,11390.0
W20617,W48350,16620.0
W20617,W75270,11870.0
W20617,W86654,19690.0
W20617,W48350,16380.0
W82635,W64863,10350.0
W64065,W23144,22930.0
W89452,W33205,13960.0
W47577,W13641,24940.0
W47577,W75270,2130.0
W47577,W58321,22550.0
W47577,W58321,22680.0
W93024,W14586,18450.0
W93024,W64863,15700.0
W93024,W58686,12200.0
W93024,W48350,18480.0
W52846,W46687,2430.0
W24048,W33404,6100.0
W24048,W86654,10820.0
W24048,W87179,20430.0
W78157,W81298,8520.0
W44395,W76958,13030.0
W44395,W84130,6600.0
W31003,W58686,12650.0
W23962,W93323,24220.0
W23962,W13641,14770.0
W23962,W86654,21040.0
W99456,W63217,8580.0
W99456,W58321,8160.0
W99456,W46687,9150.0
W26198,W84130,5730.0
W26198,W23144,22100.0
W26198,W76958,16190.0
W72323,W46687,11000.0
W67940,W83175,12500.0
W67940,W33205,19560.0
W67940,W31366,14610.0
W49318,W30242,12870.0
W69215,W76958,3860.0
W75468,W76958,16480.0
W75468,W87089,22610.0
W75468,W33404,17330.0
W98726,W75270,21070.0
W98726,W86654,17860.0
W98726,W14586,3700.0
W48086,W87089,20260.0
W48086,W33404,20080.0
W48086,W81298,19180.0
W30327,W30242,22850.0
W30327,W83175,13650.0
W38794,W76958,21530.0
W40829,W33205,9590.0
W28560,W14586,19060.0
W28560,W23144,9760.0
W28560,W81298,4920.0
W28560,W19119,14770.0
W70586,W23144,11780.0
W34342,W48350,3340.0
W34342,W13641,19170.0
W34342,W31366,19200.0
W55953,W58686,17460.0
W55953,W58686,23920.0
W86541,W84130,3000.0
W30546,W30242,12290.0
W30546,W46687,15620.0
W30546,W75270,4480.0
W73328,W33404,14910.0
W73328,W16505,17640.0
W87971,W60869,11860.0
W44439,W30572,11010.0
W82818,W16505,11980.0
W82818,W16505,8300.0
W82818,W60808,2810.0
W82818,W19119,24650.0
W72643,W60808,23240.0
W72643,W46687,2490.0
W72643,W87179,18340.0
W18106,W86654,9310.0
W39259,W19119,12570.0
W39259,W31366,23180.0
W39259,W93323,13300.0
W39259,W48350,9360.0
W96957,W75270,13270.0
W96957,W84130,11590.0
W96957,W33404,17370.0
W48757,W63217,3810.0
W48757,W75270,3870.0
W48757,W86654,8010.0
W42692,W83175,19140.0
W42692,W86654,5300.0
W42692,W30572,16790.0
W42692,W60869,4290.0
W75060,W86654,22770.0
W75060,W33404,6680.0
W75060,W48350,23830.0
W21724,W81356,16750.0
W21724,W16505,23570.0
W21724,W81356,24940.0
W34938,W86654,14310.0
W34938,W83175,4460.0
W63239,W84130,21540.0
W75118,W23144,3750.0
W75118,W81298,2860.0
W52366,W33404,15080.0
W52366,W76958,15040.0
W52366,W63217,18200.0
W52366,W30572,10500.0
W60897,W84130,19800.0
W60897,W12282,23420.0
W59342,W17971,18520.0
W59342,W19119,10450.0
W59342,W58686,23360.0
W59342,W58686,14020.0
W90394,W83175,18600.0
W90394,W46687,17090.0
W90394,W33404,23070.0
W90394,W64863,12830.0
W25011,W19119,6150.0
W97926,W17971,20750.0
W97926,W19119,22880.0
W97926,W60869,20610.0
W91140,W14586,12840.0
W28507,W84130,3710.0
W28507,W75270,7980.0
W28507,W60869,9150.0
W28507,W46687,5450.0
W34522,W16505,3560.0
W34522,W63217,3330.0
W34522,W33404,14340.0
W91401,W93323,16640.0
W14805,W60869,6960.0
W14805,W87179,17730.0
W14805,W12282,15690.0
W14805,W87179,4550.0
W81099,W63217,5430.0
W81099,W46687,6590.0
W63938,W93323,11290.0
W63938,W23144,24320.0
W63938,W58686,4250.0
W63938,W30572,18370.0
W39923,W33404,9570.0
W39923,W86654,3430.0
W39923,W83175,18630.0
W76613,W19119,20910.0
W92046,W23144,15520.0
W92046,W16505,19940.0
W92046,W86654,18230.0
W36446,W81356,6020.0
W36446,W81298,21580.0
W36446,W58321,14760.0
W20268,W76958,23450.0
W20268,W14586,17010.0
W20268,W60869,21390.0
W20268,W12282,8790.0
W61452,W76958,17240.0
W61452,W87089,19610.0
W61452,W58686,20720.0
W57035,W13641,4780.0
W57035,W63217,11040.0
W57035,W30242,24620.0
W85750,W87089,7240.0
W85750,W81298,24550.0
W68119,W86654,24870.0
W59766,W16505,9480.0
W59766,W81298,17430.0
W98454,W75270,5570.0
W98454,W48350,10830.0
W98454,W87089,2990.0
W98454,W33404,2670.0
W49373,W60808,10670.0
W49373,W76958,7160.0
W49373,W33404,7830.0
W29031,W16505,21940.0
W29031,W46687,10340.0
W29031,W30242,18100.0
W29031,W46687,2220.0
W26837,W81356,20930.0
W35889,W48350,23570.0
W35889,W81356,5890.0
W85069,W48350,13780.0
W85069,W12282,21850.0
W50795,W76958,23610.0
W50795,W81356,19050.0
W50795,W16505,24950.0
W62789,W48350,24640.0
W79444,W75270,12850.0
W79444,W30242,20260.0
W45943,W31366,9980.0
W45943,W12282,20440.0
W45943,W81356,2820.0
W45943,W33404,21270.0
W23181,W64863,4650.0
W23181,W93323,8180.0
W40986,W83175,23970.0
W35923,W83175,8710.0
W35923,W87179,4160.0
W35923,W75270,14570.0
W68988,W63217,3070.0
W68988,W84130,6810.0
W68988,W23144,18390.0
W79019,W64863,8980.0
W79019,W13641,13530.0
W79019,W14586,16220.0
W79019,W93323,11280.0
W38533,W19119,14690.0
W38533,W76958,24380.0
W71476,W30242,4600.0
W71476,W60869,23030.0
W74222,W31366,15960.0
W74222,W13641,10030.0
W74222,W58686,4340.0
W34881,W87089,5120.0
W97072,W63217,6640.0
W97892,W84130,7050.0
W97892,W64863,5930.0
W85396,W19119,24620.0
W85396,W33205,21720.0
W85396,W60869,10130.0
W85396,W16505,12440.0
W37099,W93323,20850.0
W37099,W60808,16260.0
W37099,W23144,21510.0
W29774,W87179,12130.0
W29774,W84130,5100.0
W29774,W31366,7470.0
W28298,W58686,7780.0
W28298,W33205,6840.0
W28298,W86654,20390.0
W28298,W30242,22110.0
W99159,W86654,23680.0
W99159,W33404,20830.0
W99159,W19119,10660.0
W59132,W12282,13770.0
W59132,W60869,24340.0
W72272,W87089,8470.0
W72272,W58321,21400.0
W72272,W30572,4420.0
W17847,W16505,6700.0
W17847,W13641,18030.0
W17847,W14586,17720.0
W17847,W60869,18670.0
W68733,W76958,7270.0
W86049,W86654,6030.0
W86049,W48350,22010.0
W86049,W58686,22440.0
W86049,W60808,10650.0
W76701,W63217,14120.0
W76701,W86654,10520.0
W76701,W48350,3450.0
W26263,W16505,21960.0
W26263,W33404,10330.0
W26263,W33404,9560.0
W97141,W63217,10070.0
W97141,W63217,16010.0
W97141,W33205,4840.0
W27736,W17971,10950.0
W86769,W64863,2920.0
W86769,W30242,16750.0
W57128,W87089,9670.0
W57128,W84130,19660.0
W57128,W87089,24300.0
W58901,W30572,9970.0
W58901,W23144,16490.0
W58901,W14586,11560.0
W91036,W86654,13930.0
W91036,W87179,23230.0
W91036,W16505,19600.0
W91036,W19119,10230.0
W19755,W63217,4080.0
W81739,W33205,24130.0
W81739,W31366,12560.0
W81739,W48350,2970.0
W63203,W33404,11720.0
W11750,W13641,20710.0
W11750,W23144,3860.0
W11750,W63217,9790.0
W11750,W17971,20570.0
W47021,W81298,7060.0
W47021,W30242,23140.0
W47021,W81298,14070.0
W47021,W33404,23800.0
W74380,W33404,15200.0
W74380,W63217,7890.0
W74380,W81356,18280.0
W74380,W30242,14900.0
W62755,W14586,16860.0
W62755,W14586,21940.0
W62755,W63217,22630.0
W62755,W48350,12540.0
W93382,W46687,16540.0
W93382,W30572,6770.0
W93382,W58686,4110.0
W93382,W58686,5890.0
W98830,W33404,5210.0
W98830,W30572,9450.0
W98830,W23144,17960.0
W94544,W17971,12790.0
W46115,W30242,8990.0
W46115,W14586,20160.0
W46115,W84130,8860.0
W47016,W13641,6340.0
W47016,W23144,8750.0
W47016,W86654,14050.0
W43672,W84130,23940.0
W43672,W81356,19720.0
W95924,W58321,5270.0
W95924,W58321,2780.0
W49761,W63217,9940.0
W49761,W81298,16730.0
W49761,W76958,15640.0
W49761,W13641,7550.0
W65476,W33404,6610.0
W75996,W64863,21500.0
W75996,W23144,11300.0
W70983,W16505,22050.0
W70983,W87089,5300.0
W46208,W76958,9510.0
W46208,W17971,23410.0
W46208,W58686,9430.0
W46208,W87089,12420.0
W40411,W13641,7000.0
W40411,W64863,5180.0
W19091,W23144,5450.0
W24671,W87179,12690.0
W24671,W60808,2500.0
W24671,W12282,5710.0
W24671,W13641,6020.0
W11591,W12282,4960.0
W11591,W23144,15720.0
W87147,W13641,24730.0
W99453,W87089,18300.0
W99453,W58321,19750.0
W24607,W46687,21860.0
W58124,W75270,2840.0
W58124,W19119,13270.0
W97219,W19119,23040.0
W97219,W30242,3360.0
W97219,W30572,15400.0
W17960,W83175,24080.0
W46517,W46687,14890.0
W46517,W87089,11200.0
W46517,W63217,2150.0
W69926,W87089,21040.0
W69926,W48350,2320.0
W69926,W81356,16660.0
W33229,W63217,21840.0
W83714,W46687,5480.0
W83714,W30572,19300.0
W21030,W48350,16780.0
W21030,W63217,5360.0
W21030,W30242,23470.0
W21030,W33205,22450.0
W70016,W48350,20590.0
W70016,W81356,21400.0
W70016,W17971,12120.0
W70016,W58686,23840.0
